Fieldworker,Digital Reference,Public Facing Title,Location,Contributors,Date,Duration,No. Of audio files supplied ,Contents Informaton,Original Tape Name,Physical Location,Digital Location,Transcribed,Transcription Second Proof,VTT File Uploaded,Detailed Contents uploaded,Complete on DASG website and Corrected,DASG Team check,Permission Granted,No. Of images,Tape Brand,Notes,Digitiser ,
Norman MacLeod,,,,Tormod MacLeòid; PC James; Murdo John; Alec Maciver (Goose) or PC John Macinnes; Ruaraidh Timid; Kate Maciver (taigh-sholuis),1958-1968,2 hr 25 mins 28 sec,1,,Tape 1 Side 1,CD box 1 / MacLeod 3,Research/DASG/CluasRiClaisneachd/AmBàrdBochd/AudioFiles,,,,,,,Yes - Dolina,,Fujifilm CD-R,"00.00 1. Male - Oran na h-airship% retake @ 4.27. 

08.29 2. clips 7 1/2 [/?]% PC James% Murdo John

09.40 3. tha thid a bhith gad shlaodadh - Alec Maciver Goose ?or J Macinnes

13.06 4. Accordion - Murdo John

15.04 5. Tormod MacLeoid - bàrdachd mar chuimhneachain air Gongie às an Àrd a's a' Rudha a bhàsaich ann an 1933 aig aois 27 (budgie/parrot in background from 01.20 & a few coughs) good - low level

17.13 6. Tormod MacLeoid - bàrdachd mu obair an fhearainn good (couple of tape stops)

21.04 7. Accordion selection - Murdo John 
Hobhan 's n a hobhan ho% An caiora% another tune% (vsom)

set eile - chunnaic mi na cudaigean% tarraing anmoch

29.13 8. Male - Sòraidh leis an àit' (good) + chorus (a little rumbly) PC John MacInnes (slight pause in rec .1.18

39.48 16. Tormod Macleoid - bàrdachd - Na Coilich (in Bard Bochd book) good

41.56 17. Ruaraidh Timid ? - Eilean Fraoich (distorted)

49.40 20. Mrs Kate Maciver (lighthouse??) - Nam shuidhe seo ghad cuimhneachadh good (tape ends before it's finished)
mathair Isbhel Gibson - jump in level and pause 1.40 chorus% verse and almost finished second verse",Radio nan Gàidheal ,
Norman MacLeod,,,,Kate Maciver (taigh-sholuis); PC John Macinnes; unidentified males & young female;  Kenneth Maciver,1958-1969,""" """,1,,Tape 1 Side 2 Part 1,CD box 1 / MacLeod 3,Research/DASG/CluasRiClaisneachd/AmBàrdBochd/AudioFiles,,,,,,,Yes - Dolina,,Fujifilm CD-R,"Oidhche Challainn

27.36 9. Och mar tha mi 's mi nam aonar - John Macinnes. Harris (policeman)
song is complete and useable

34.22 13. Mrs Kate Maciver - Lighthouse - Feasgar agus ceò ann
(nice voice) + budgie 

37.01 14. Mrs Lighthouse - Nan ceadaicheadh an tide dhomh (v slightly distorted)

39.55 15. little girls - tiger - O nach aghmhor

51.18 19. Male - an tèid thu leam a' ghràidheig (beautiful voice)
Cailean Alec - first cousin do mhathair Dollag. A bhanntrach Christabel% Health visitor% Laxay.

58.15 21. male - (as 19) - oran mu Leòdhas...fear a' tilleadh dhachaigh

61.14 22. male - oran mu Chalanais (good song)
not so tuneful as 19% in Bard Bochd book

64.24 23. Kenneth Maciver - cait' am bi na maraichean - an e???
",Radio nan Gàidheal ,
Norman MacLeod,,,,Tormod MacLeòid; Roddy MacDonald% Harris (?); unidentified males; Archie Grant;,1958-1970,""" """,1,,Tape 1 Side 2 Part 2,CD box 1 / MacLeod 3,Research/DASG/CluasRiClaisneachd/AmBàrdBochd/AudioFiles,,,,,,,Yes - Dolina,,Fujifilm CD-R,"Oidhche Challainn

01.54 26. male - mo nighean donn nam meall-shuilean + chorus (hall)
AMAZING AUDIENCE PARTICIPATION
(is this Roddy macdonald Harris) last chorus clipped - need to replace

05.40 27. Male - Mo Chaillinn Mhìn-Gheal Mheall-Shuileach (Hall)

09.04 28. Male - Sgeulachd Mu Bhodach  Ob an Duill (Hearach)
policeman?? / Roddy MacDonald?

10.39 29. Archie Grant - oh nighneag mheall thu mi

14.07 31. Tormod Macleoid - Gairm nan eilean (bàrdachd) ag ainmeachadh nan eilean air an taobh an iar air fad

16.30 32. Accordion

19.13 33. Choir - siubhlaidh mise null...
ceangal ri clann-nighean Bharraigh... tidsearan??
useable/clipped end

21.26 34. choir - hubho is na horo... 's ann le foill a mheall thu mi
useable (clip)

23.05 35. choir - ochoin a righ 's tu mo ribhinn donn
useable (clip)",Radio nan Gàidheal ,
Norman MacLeod,,Taigh a' Phuilein,,Aonghas Caimbeul (Am Puilean); Ina Campbell; sister of Ina Campbell (name?); Donald Macritchie; Alasdair Campbell (Tida a' Phuilein),,1 hr 6 mins 54 sec,1,,Tape 2 Side A,CD box 1 / MacLeod 3,Research/DASG/CluasRiClaisneachd/AmBàrdBochd/AudioFiles,Complete (EC),X,Complete (EC),Complete (EC),,,Yes - Dolina,,Fujifilm CD-R,"Taigh a' Phuilein - songs are complete

00.15 1. Bata Iailliugo - Am Puilean becomes clearer a bit in% good last verse le intro bhon Phuilean% falters @1.30% blip and clear @ 02.00% falters @ 04.00

09.21 2. fàine rèiteachaidh Mairi - Am Puilean
slight falter

13.35 3. Mo nighean donn nam meall-shuilean - Ina Campbell
(slightly o/modded in places + chorus)

15.38 4. Faili oro + chorus Ina's sister    good

18.22 5. Tom an t-searraich - Donald Macritchie

19.49 6. Nam bàsaicheadh na  boireannaich (Puilean)
falter @ 01.15 (Bocsair book p.77)

23.17 7. Mòrag à Dunbheagan - Tida + chorus (vsom)

25.19 9. Air moch diluain - ina's sister?? + chorus + pause + bit rambly

29.22 9. Pòsaidh Ailein - Puilean
in Bard Bochd Book p.28",Radio nan Gàidheal ,
Norman MacLeod,,Taigh a' Phuilein,,Alasdair Campbell (Tida a' Phuilein); Aonghas Caimbeul (Am Puilean); ,,""" """,1,,Tape 2 Side B,CD box 1 / MacLeod 3,Research/DASG/CluasRiClaisneachd/AmBàrdBochd/AudioFiles,Complete (EC),X,Complete (EC),Complete (EC),,,Yes - Dolina,,Fujifilm CD-R,"Taigh a' Phuilein continued

00.11 1. Sùthan 's am peile - Tida + budgie

02.39 2. Pòsadh a Phullaidh - Tida
(a Bhon a bh'air a bhean - bodach beag grannach - check can we use)

04.45 3. Smùid Bliadhn' Ùire - Temple Bar - Tida

10.33 6. Aoir a' radain - Am Puilean (ainmeachadh bailtean Nis)
retake @ 1.07 in

14.39 7. Cruach Mhonadh Scotty - Puilean
(used in Bothan prog)

25.30 9. Tida introduces and sings oran a' Bhothain Uir 
(used in bothan prog)

31.08 11. Geol Iain Thormoid - Tida (stops a couple of time but complete)
flight of fancy mun gheola - rudan nach b'urrainn a bhith

33.05 12. an cat a bh'aca ann a Lionail a'durghan!",Radio nan Gàidheal ,
Norman MacLeod,,,,Choir; unidentified child; Glasgow Boys' Brigade Pipe Band; Calum Kennedy; Tormod & unidentified male; Peter Smith; Pàdraig a' Choisich,c. 1959,1 hr 12 mins 43 sec,17,,Tape 3,CD box 1 / MacLeod 3,Research/DASG/CluasRiClaisneachd/AmBàrdBochd/AudioFiles,,,,,,,Yes - Dolina,,Fujifilm CD-R,"Tape 3 Side 1

1. Child

01.24 2. Choir with child solo - becomes distorted about 30s in

02.24 3. child - bits - lovely voice but messy clips - Seolaidh Mise Null

05.15 4. Chanter

05.57 5.

07.15 6. pipe band - programme recorded off air of Glasgow Boys brigade Pipe band - presented by male - their Pipe major is Alec Maciver% a Glasgow Lewisman (good recording)

24.45 7. Calum Kennedy - off-air The Way Is Long to Island% Glen and Sheiling

25.13 8. Còmhradh + Tormod agus fear eile - late at night! Fear a' seinn Òran a' Chairt

31.11 9. Faint stuff off-air


Tape 3 Side 2

00.00 1. Còmhradh

01.07 2. Peter Smith - Òran an AI (has NM doing intro on track - bit of it only)

03.19 3. Male - Steòrnabhagh 's Cùl na Grèine (Coinneach??)

08.00 4. Peter - El Alemain - snog (edits [XX] - song complete - last verse clipped at beginning and slight break up of mic)

Pàdraig a' Choisich% Càirisaidar a' seinn - bha iad pally

13.14 5. choir - An Cùl Bachallach - off-air

14.36 6. Soraidh Leibh + assembled

15.19 7. Peter?? Hi Horo Mo Donn - bit of drop out + chorus

17.16 8. male - mo nighean donn nam meall-shuilean - off-air + others (from dà cheathramh agus fonn)",Radio nan Gàidheal ,
Norman MacLeod,,,,unidentified children; Iain Mòr; Aonghas Sheumais; Mary Margaret Mackenzie (inf.); Mairi Margaret Macritchie (inf.); Danny (inf.); Alasdair Morrison (inf.); Dòmhnall nan Twins; Jimmy Powell; Joan MacLeod; ,c. 1962,1 hr 7 mins 33 sec,24,,Tape 4 ,CD box 1 / MacLeod 3,Research/DASG/CluasRiClaisneachd/AmBàrdBochd/AudioFiles,,,,,,,Yes - Dolina,,Fujifilm CD-R,"Tape 4 Details Side 1 

00.00 1. Discussion - air Gairm agus dòighean suirghe measg rudan eile!

08.57 2. Iain Mòr - Mo nighean dubh tha boidheach dubh
okay voice - misses out choruses - sounds a bit strange but could be used

11.02 3. Aonghas Sheumais - mo nighean donn nam meall-shùilean (couple of verses)

12.15 4. Còmhradh

13.33 5. Melodeon

16.24 6. Gaelic songs from Loch Ness-side off-air

Tape 4 Details Side 2

00:00 1. Infants Xmas 1959 - The first noel

01.03 2. Infants - far am bi mi fhein 's ann a bhios mo dhòchas

01.52 3. infants - hobhan 's na hobhan ho + solo (lovely wee clip)

02.48 4. Mary Margaret Mackenzie (inant) - Ò nach àgmhor + chorus
need editing - lovely strong chorus

04.38 5. Mairi Margaret Macritchie (infant) - an tèid thu leam a Mhàiri

05.14 6. Danny (infant) - a ribhinn òg eil cuimhn' agad.
(NM speaks to him in Gaelic - good wee singers)

06.27 7. Alasdair Morrison (infant) le Dòmhnall nan twins - davy Crockett
(NM speaks to him in Gaelic - laidir)

06.57 8. Norma Ann - swing-along little pony

07.28 9. Joan Macleod + balach - sketch - butcher - beurla

08.24 10. Aonghas Alasdair - Mhàiri bheag leisg nach èirich thu + chorus

09.58 11. foighneachd do chloinn co leis iad - Jimmy powell etc ) name only clips could be used

11.42 12. mary macritchie - homes of Donegal could be used
Mairi a b'abhaist a bhith aig PNE

12.24 13. Balach - leughadh bàrdachd Beurla

13.04 14. nighean - ò nach àghmhor

14.42 15. Donald John Mackay (le tormod Dho'll duibh??) - òran beurla

15.26 16. leanbh le alaig + poss other - òran beurla

16.41 17. Murdina M Morrison - hobhan 's na hobhan ho
(older% nice voice% poss Dena Mary Morrison% Rodel Hotel)

17.55 18. Christina Margaret MacDonald - Dòmhnall Beag an t-Sìucar
(with intro - older)

18.37 19. Janet Morrison - hori horo mo nighneag dec'd

26.50 22. Jokey - An Dèideadh - slàn - glè mhath",Radio nan Gàidheal ,
Norman MacLeod,,,,,,39 mins 33 sec,16,,Tape 5,CD box 1 / MacLeod 3,Research/DASG/CluasRiClaisneachd/AmBàrdBochd/AudioFiles,Complete (EC),X,Complete (EC),Complete (EC),,,Yes - Dolina,,Fujifilm CD-R,"1. Male - ??

2. Presenter intro + Male - Mo Chailin Donn Òg

3. Presenter intro
Evelyn Chaimbeul - Mo Rùn Ailean
Evelyn Chaimbeul - Thog Am Bàta Na Siùil

4. Presenter intro (gap in this)
Male song 's fheudar m'aigne fo ghruaim

5. Presenter intro - male song

6. Presenter intro - luinneagan

15.09 Evelyn - Là Dhomh 's Mi Dìreadh Bealaich

7. Speech + Archie MacLean - Murt na Ceapaich
Speech + Archie MacLean - Màiri Bhàn

22.10 8. Jazz! - clip - Horo My Nut Brown Maiden - speech - spoke of GSL

23.10 9. Male - Bheir Mi O

10. Male Choir - 'S ann an Ìle

26.45 11. Female - Mi Seo nam Aonar (Evelyn?)

12. Male + piano - ??

32.00 13. Singers

33.11 14. Female

36.00 15. choir

16. MacGregor and Hall - Brochan Lom

Tape 5 Side 2 [chan eil seo againn?]

Local recordings - good quality

08.42 1. male - uigeach - he horo is na horo eile - quite good + chorus slan - ""altogether"" aig 01.10

5. Female - Padraig Ceann Baile (good)
Mrs Kate Maciver - lighthouse

21.10 6. Off-air (On Tour) - music
Male - By The Fire of the Peat Flame
Male - English Poetry
And others 
Someone telling of being 91 etc. - comedian

39.50 Peter Smith - Uig - Air sgiathan m'inntinn (mu Uig) (math)
mu Loch Croistean% 20 bliadhna bho dh'fhag am bard% na daoine a bha cudthromach

43.28 Kenneth Smith - Màiri Bhaile Chrò (ok)

48.00 Peter Smith - Guidheam slan don ghruagach òg (Loch a Ròg)
(math - am bard a' seoladh)

50.51 Coinneach Ruadh - Aodann Strath Bàn (math)

54.27 11. Kenneth - Mo Chridhe Gu Sgàineadh A' Fàgail Eilean an Fhraoich (òran cogaidh)

58.18 Peter - he horo mo nighean donn (bit faint) math + chorus (beg clipped)

59. Kenneth - horo illean (oran mun deoch) math
Horo 'illean na bitheamaid tursach

62.30 14. male - air m'uillinn 's mi 'm omar (clipped beg) loses it% then starts again... stops again.

15. Male - Thug an Uisge-beatha Sin Car Às'm A-raoir (tape runs out)",Radio nan Gàidheal ,
Norman MacLeod,,,,,,36 mins 22 sec,1,,Tape 5 Fred MacAulay Domhnull Ruadh Chorunna,CD box 1 / MacLeod 3,Research/DASG/CluasRiClaisneachd/AmBàrdBochd/AudioFiles,,,,,,,Yes - Dolina,,Fujifilm CD-R,"(gu math clear - rec 12.07.62)

Fred agus Dòmhnall Ruadh Chòrunna a' còmhradh - Blàr Arras read by ?
Bruidhinn mun Chogadh - tape stops and carries on
Male - Gur Muladach a Tha Mi
An Tuilleadh Còmhraidh Eatorra
Bàrdachd a rinn e do ghillean a' chogaidh air a leughadh le ?
Tape skips
E fhèin ag aithris òran pochaidh a rinn e
Fred ag aithris rann eile  abh'ann nach eil Uisdean a' seinn
Uisdean MacMhathain a' seinn an òrain
Bruidhinn air òrain èibhinn a rinn e
E fhèin ag aithris òran an aeroplane (interference in one verse)
Ag innse gun robh athair ann am blàr Chorunna (tape skips)
Òran eile - Tilleadh Dhachaigh
UM - Òran mu Uibhist
Òran eile - chiad cheathramh - agus an uairsin fear eile ga aithris

Very good reception!

Fred agus Dòmhnall Ruadh Chòrunna a' còmhradh (cont)
Tape skips again
Òran a rinn e dha mhac% Calum
UM singing it
Fred finishes the programme (bha DRC 74 an uair ud)
Atom bomb - DRC ag aithris",Radio nan Gàidheal ,
Norman MacLeod,,,,Iain a' Gheidseir; Dolly na h-Earraid; Màiri an Tigher ,,1 hr 33 mins 5 sec,1,,Tape 6 Side A,CD box 1 / MacLeod 3,Research/DASG/CluasRiClaisneachd/AmBàrdBochd/AudioFiles,,,,,,,Yes - Dolina,,Fujifilm CD-R,"Tape 6 Side 1 Details

Taigh Sweep

01.48 2. Te bhàn% te bhàn - Mairi an tigher + chorus vsom

26.05 7. Oran a Ruahini - Dolly na h-earraid (not a great singer but very clear)
(dec'd - sister Etta (Burns) lives in Port of Ness

30.25 8. Oran an operation - Dolly a rithist - slan

39.35 10. Pheigi a Ghraidh - Iain a' Gheidseir
(dec'd - sister Barabal a'Gheidsear - AD Murray is his nephew (Benside) wife works Broadbay surgery.",Radio nan Gàidheal ,
Norman MacLeod,,,,Iain a' Gheidseir; Dòmhnall Chròic,,""" """,1,,Tape 6 Side B,CD box 1 / MacLeod 3,Research/DASG/CluasRiClaisneachd/AmBàrdBochd/AudioFiles,,,,,,,Yes - Dolina,,Fujifilm CD-R,"Tape 6 Side 2 Details

01.19 3. S tu th'air m'aire - Iain a' Gheidsear + chorus
(math - crowd a-staigh - last chorus cut)

31.29 15. triuir a' dol a phòsdadh - Iain a' Gheidsear (chorus spoils it - poss rpt a good chorus - bruidhinn air Eoradal - ref to fear a' dol a dh'fhaighinn curam (check) - ref to telegram bho Domhnall Leasy ann)

42.24 17. An Eala Bhàn - Dòmhnall Chrèic[Chròic/?] (abair guth)
(bit of tidying up to do)",Radio nan Gàidheal ,
Norman MacLeod,,,,Murdo Sheumais; John Murdo Morrison,,1 hr 30 mins 19 sec,17,,Tape 7 Side 1,CD box 1 / MacLeod 3,Research/DASG/CluasRiClaisneachd/AmBàrdBochd/AudioFiles,,,,,,,Yes - Dolina,,Fujifilm CD-R,"1. Dance Music

03.06 2. A Ribhinn Og a fan thu ruim - male

04.47 3. Oran a' Chogaidh - male - alright
[XX]

08.38 4. Calum a charaid - male and friends - good but needs editing [XX]

11.30 5. An Aigheach - group

14.56 6. Tha M'inntinn Trom 'S Duilich Leam - Male

18.06 7. Fo Ghruaimean Cha Bhi Mi 'n Diugh - Male

20.38 8. Tha Mise Seo sna h-Innseachan - Murdo Sheumais

20.39

24.00 9. Còmhradh ri Murchadh Sheumais mu dheidhinn an òrain agus Murchadh Sheumais a' seinn an t-òran a dh'ionnsaich e dha na h-Innseachan bh'air a' bhàta.

26.35 10. Dance Music

28.40 11. O Huiraibh Bhi Huiraibh - Kitty MacLeod

31.37 12. Norman MacLean - Song - ?

33.58 13. Illean Bithibh Sunndach - group

35.20 14. Ribhinn Òg Bheil Cuimhn' Agad? - Male

37.17 15. Dance Music

39.40 16. Hug Oireann O 's Gur Toil Leam Fhèin Thu

42.36 17. Chì Mi Muile",Radio nan Gàidheal ,
Norman MacLeod,,,,Murdo Sheumais; John Murdo Morrison; Calum Kennedy; The Lochies,,""" """,20,,Tape 7 Side 2,CD box 1 / MacLeod 3,Research/DASG/CluasRiClaisneachd/AmBàrdBochd/AudioFiles,,,,,,,Yes - Dolina,,Fujifilm CD-R,"1. Dance Music 

01.22 2. Tè Bhàn% Tè Bhàn

04.55 3. Tha M' Eudail is M' Aighear Is Mo Ghràidh - female

07.41 4. Mòrag Leat Shiubhlann - Na h-Òganaich

10.23 5. Eilean Mo Ghaoil

13.05 6. Màiri Bhàn - male

14.43 7% Accordion - Ciaora% Cha robh fios aig duine air thalamh

17.10 7 Song - Chan Eil Dùil Agam (Tembaca)

19.17 9. Tha thìde bhith gad shlaodadh - male

21.03 10. Song - sailor's song - male

23.24 11. Òran Chaluim Chamshroin - male

26.20 12. Accordion

27.56 13. Eilean Fraoich - Calum Kennedy

30.27 14. Fiollagain - males

32.33 15. O Thèid Mi Fhìn Le Mo Ghaol Dhan t-Searmonn - John Murdo?

33.42 16. Na Mo Shìneadh Air An t-Sliabh - male

35.33 17. Nìghneag a Ghràidh - John Murdo Morrison

38.23 18. Mhòrag Leat Shiubhlainn - male - Iain Mackay?

41.10 19. Cuimhnich a ghillean a thig dhan an dìuthaich - male - John Murdo

43.26 20. Tha Mi Fo Chùram Air Cùlaibh Èirinn - Lochies - didn't finish",Radio nan Gàidheal ,
Norman MacLeod,,,,,,1 hr 9 mins 2 sec,26,,Tape 8 Sides 1-2,CD box 1 / MacLeod 3,Research/DASG/CluasRiClaisneachd/AmBàrdBochd/AudioFiles,,,,,,,Yes - Dolina,,Fujifilm CD-R,"Tape 8 Side 1 

1. Moch Di-Luain - female - mic rattle and then forgets the words then load of mixed voices until

07.44 2. Rìbhinn Òg Bheil Cuimhn' Agad? - lots of voices until...

13.35 3. Off-mic - lots of voices

18.56 4. Moch Di-Luain - male 

21.32 5. Fiollaigean - female and group - quality not good

24.34 6. Song (maybe margarine) - male singer

27.30 7. Song distorted

27.54 8. Coinnichidh sinn an Gleann an Fhraoich - Maybe Kathleen MacDonald

30.02 9. Fhleasgaich Gun Chèill - male bit muffled

32.17 10. Leòdhas Mo Ghaoil - male

Tape 8 Side 2

11. Gur Muladach Sgith Mi/A Chaileag Shuaineanach - School choir alright

05.30 12. Ubhaidh Abhaidh air do shlainte/Mac A Phi .. Aig ceann loch - choir - alright [XX]
(Annie MacLeod% Tolsta Chaolais took the choir - French teacher a bh'innt')

07.41 3. O Huiri O Huirin - reibhinn dhan a' ghealach leat - girl

08.45 4. Mo Shùgradh 's tu Mo Choinneal Thu - choir

10.42 15. Duncan Major - piano - rousing
(clear recording)

11.55 16. Duncan Major - piano - ""
(clear recording)

13.20 7. O Nach Aghmhor - young girl

15.30 8. Boy reciting poetry - barely audible with level right up

17.00 9. Mòrag à Dun Bhgeaiain - James Smith - tape distortion

19.00 10. A Pheigi a Ghràidh - Calum Kennedy

22.00 11. English voices

22.35 12. Cha  B' Ann Dubh a Bha Mo Leannan - talking over it and lots of voices

25.30 13. Cadal Cha Dèan Mi - group - lots of voices

29.12 14. English - group

32.00 15. Eilean Donn an Fhraoich - group - starts off-mic% lots of voices",Radio nan Gàidheal ,
Norman MacLeod,,,,Tormod Ruadh; Mairead Hulse; James Ross; Kathleen MacDonald(?); John Alex MacPherson; Dòmhnall Ailean Dhòmhull na Banaich; Iain Moireasdan,1963-64,1 hr 10 mins 58 sec,40,,Tape 9 Sides 1-2,CD box 1 / MacLeod 3,Research/DASG/CluasRiClaisneachd/AmBàrdBochd/AudioFiles,,,,,,,Yes - Dolina,,Fujifilm CD-R,"Tape 9 Side 1

1. Tha Fadachd Orm - Margaret Hulse

01.37 2. Seinnidh mi an rann seo (Leòdhas mo ghràidh) - Margaret Hulse

04.52 3. Box says 'Deirdre a' fàgail na h-Albainn' - Margaret Hulse

07.24 4. Soraidh Slàn le Steòrnabhagh - Margaret Husle - distortion near the end

 09.56 5. Fail eil ho ro - Margaret Hulse

11.38 6. Gur tu mo chruinneag bhòidheach - Margaret Hulse

12.48 7. English announcer announces presenter James Ross - then James Ross announces singers rec. At Gaelic Camp Inverness - July 1963

8. James Ross introduces programme and cues Mairead MacIver

9. Fagail Lismor - Mairead MacIver from Point
James Ross announces items 10-14 before the singing starts

15.25 10. Eilidh - Simon MacKenzie% Harris

17.45 11. Ho ri horo mo nigneag - Angus MacLeod% Back

19.27 12. Mo Run Geal Dileas - Chrissie MacVicar% Harris

21.45 13. Fear a Bhata - Edward Hillhouse% Barra

23.10 14. An t-eilean Muileach - Coisir na Campa (Kids at the camp)

25.35 15. A Fhleasgaich Òig is Ceanalta - name not given

27.54 16. Bràigh Ùige - no name

30.30 17. Griogal Cridhe - no name

32.54 18. A Ghaoil Saoil Am Faigh Mi Thu? - Kathleen MacDonald?

34.25 19. Air do .. a ghràidh - Maybe Kathleen again

Plus I think you can tell the voices are older - but the items from the camp are good quality

Tape 9 Side 2

The speech quality is not perfect but the songs are quite good quality...

1. Gruagach Òg an Fhuilt Bhàin - Iain Moireasdan 22.10.64

00.55 2. John Alex MacPherson/Dòmhnall Ailean Dhòmhull na Banaich

03.30 3. Ceud Fàilt' Air Gach Gleann - Iain Moireasdan

06.50 4. Seonaidh Alex/Dòmhnull Ailean

08.20 5. Churacag - Donald Alex MacEchan and Tormod Ruadh(?)

10.13 6. Seonaidh Alex/D.A.

11.24 7. Òran ma phòsadh - Tormod Ruadh

12.55 8. J.A./D.A.

13.36 9. Marbhrann do dhithis ghillean a chaidh a bhàthadh - D.A. MacEachan

16.10 10. J.A./D.A.

17.13 11. Soraidh leis na glainichean - Tormod Ruadh - starts ok but then not so good

18.57 12. J.A./D.A.

19.40 13. Mar shaoileas sibh uile gur bàrd mi - Iain Morrison

22.05 14. J.A./D.A. - not good quality

22.50 15. Bàrdachd - D.A. MacEachan

23.54 16. J.A./D.A. muffled

24.15 17. Gad nach seas mi measg nam bàrd - Tormod Ruadh I think - some distortion

26.40 18. Uibhist nam Beann Àrda - Iain Morrison

30.40 19. D.A./J.A.

30.58 20. Ghabh Mi Tè Mhòr Ad Còmhla Ris a h-Uile Tè - Tormod Ruadh

32.50 21. Gruagach Òg An Fhuilt Bhàin - Iain Moireasdan - tape runs out",Radio nan Gàidheal ,
Norman MacLeod,,,,Mina Matheson; Duncan Major; Iain Dòmhnallach (Hoddan); James Campbell; Alasdiair Gillies; Joan Mackenzie; Tormod Ruadh; Lochore Pipe Band,c. 1964,1 hr 3 mins 43 sec,25,,Tape 10 Sides 1-2,CD box 1 / MacLeod 3,Research/DASG/CluasRiClaisneachd/AmBàrdBochd/AudioFiles,,,,,,,Yes - Dolina,,Fujifilm CD-R,"Tape 10 Side 1 

1. Waltzes - parts distorted

02.20 2. Siud mar chuir mi Geamhradh tharam - Mina Matheson

06.01 3. Fil o ro o ro - group - one verse% distorted

06.51 4. Duncan Major on Piano

10.28 5. Òran an AI - Hoddan

13.30 6. Dance Music - good on same track

15.05 7. More music - alright

17.06 8. Mo Chridhe Fo Leòn - it says C. Grant on box - quality low

20.15 9. Tha Bainne Aig Na Caoraich Uile - James Campbell

21.46 10. Rugadh Às an t-Sìol Thu - female

22.40 11. Thugaibh Air Fear Donn a' Mheallaich - male - some distortion near the end

26.01 12. Leis a Lurgainn - male

28.05 13. Òran - male% some distortion

29.30 14. Bàrdachd - male reciting

32.20 15. Possibly the Uisge beatha bàrdachd - female reciting

Tape 10 Side 2

1. Horo mo Bhobag an Dram - female

01.20 2. O Na Cuir Cùl Rium - A. Gillies male

05.18 3. O Thoir A-Nall Am Botul - Alasdair Gillies

08.04 4. Mo Chailin Donn Òg - male

10.25 5. Soraidh Leis Na Glainichean - Tormod Ruadh

12.28 6. Mrs MacPherson of Inveran etc. - Lochore Pipe Band

18.49 7. Cailin mo Rùin-sa/Battle of the Song - Lochore Pipe Band

21.45 8. Eil o ro ho ro o - Joan MacKenzie 

24.20 9. Thig A Smeòrach as t-Earrach - Joan MacKenzie(?)

28.35 11. Puirt a beul - Joan MacKenzie",Radio nan Gàidheal ,
Norman MacLeod,,,,Calum Kennedy; William Gladstone; Jessie Mackenzie; Mary Smith,,1 hr 8 mins 42 sec,24,,Tape 11 Sides 1-2,CD box 1 / MacLeod 3,Research/DASG/CluasRiClaisneachd/AmBàrdBochd/AudioFiles,,,,,,,Yes - Dolina,,Fujifilm CD-R,"Tape 11 Side 1

1. Bratach Bàna - Calum Kennedy

01.26 - 2. Rìbhinn Òg Bheil Cuimhn' Agad - male

03.46 - 3. Eilean na Hearadh - female - stopped

05.45 - 4. Cailin Mo Rùin-sa - male - rec. stops and starts

08.27 - 5. Huirinn o - box says Uist lady - clipped

10.36 - 6. An Tèid Thu Rium A Ribhinn Lurach? - female - rec. low

12.40 - 7. Gleannan Mo Ghaoil Taobh Loch Lìobhainn - female - rec. low

14.31 - 8. Mo Rìbhinn Donn - William Gladstone

18.43 - 9. Nan Tigeadh tu Leannan - Jessie MacKenzie - with group - rec. stopped

20.35 - 10. Girl from Cromore (English) - Murdani Mast box says

23.03 - 11. Mo Shoraidh Null do Bharraigh - male

26.00 - 12. song - male

27.00 

28.00 - 13. Bellag from Cromore - male

29.12 - 14. Bheir Mi O Horo O - male

31.45 - 15. Dance music - low rec.

33.43 - 16. An Ataireachd Àrd - female - 30s only

Tape 11 Side 2 

17. An Teid thu leam a Mhairi - female - beginning clipped
(clock chime in middle)

01.50 - 18. Òran Chaluim Chamshroin - box says William Gladstone - break in rec.

06.39 - 19. song - don't know - box says William Gladstone
(duine dha na thachair rudeigin neonach a-muigh..)

09.28 - 20. Ille bhig - Mary Smith

12.02 - 21. Chaidh a chuibhle mun cuairt (Oran mor MhicLeoid) - not sure if this is Mary Smith

20.42 - 23. Banais Choinnich - male good - says Jokey on the box
(am biadh a bh'ann% na daoine... brod an ruid..)

27.36 - 24. Mo Ribhinn Donn - male - speech at beginning - same singer as no 7?",Radio nan Gàidheal ,
Norman MacLeod,,Òrain bhon Rèidio 5,,Joan Mackenzie; James Morrison; Alma Kerr; Kenna Campbell; Ina Campbell; Tida a' Phuilein; Calum Kennedy,,1 hr 8 mins 6 sec,25,,Tape 14 Sides 1-2,CD box 1 / MacLeod 3,Research/DASG/CluasRiClaisneachd/AmBàrdBochd/AudioFiles,,,,,,,Yes - Dolina,,Fujifilm CD-R,"Tape 14 Side 1

1. Tha Mo Bhreacain-sa Fon Dìle - male

01.50 - 2. Fear a' Phige - male

03.51 - 3. Òran an t-Saighdear - male

06.55 - 4. Tha Sinn a' Falbh - Joan MacKenze

09.25 - 5. O Horo Ille Dhuinn - male - low rec.

11.17 - 6% Dùthaich MhicLeòid - Joan MacKenzie 

13.07 - 7. Dh'fhalbh na Gillean Grinn - male

16.53 - 8. Pàdraic O' Connaine - bàrdachd English - read by James Morrison

17.53 - 9. Cainnt Mo Mhàthar Gàidhlig Bharraigh - female

19.38 - 10. Gad Chuimhneachadh - Calum Kennedy

22.05 - 11. Dance Music

Tape 14 Side 2

12. Dòmhnull Dubh an Dòmhnallach - Joan MacKenzie

01.33 - 13. Falt Trom% Trom% Dualach - Joan MacKenzies

04.47 - 14. Gun Phiuthair Gun Bhràthair - female

06.09 - 15. Make Your Way to Stornoway - English - Ina Campbell 

08.18 - 16. Òran a' Phocair - Tida

10.30 - Blank

11.09 - 6. Hè Mhàiri Hò Mhàiri - Calum Kennedy

Ossianic Night

11.07 - 7. A Fhleasgaich Òig is Ceanalta - group

13.27 - 8. Guma Slàn Do Na Fearaibh - male and group

16.14 - 9. O Till a Leannain - female and group - low rec.

19.30 - 10. Accordion - breaks in recording

22.40 - 11. An Oidhche Bha Na Gobhair Ann etc. - Kenna Campbell

24.16.1.1. - 12. Hòbhan 's na hòbhan ò - male

25.28.1 - 13. An Ataireachd Àrd - Alma Kerr

28.02 - 14. Music",Radio nan Gàidheal ,
Norman MacLeod,,Òrain bhon Rèidio 6,,Iain MacAonghais; Kenny MacDonald; Ruaraidh MacThòmais; Lionel Senior Choir; Kenny Dan Smith; Gilbert MacPhail; John Murdo Morrison; Iain Dòmhnallach (Hoddan); James MacKenzie; Robert Begg; Edinburgh Police Pipe Band,c. 1967,51 mins 1 sec,24,,Tape 16 Sides 1-2,CD box 1 / MacLeod 3,Research/DASG/CluasRiClaisneachd/AmBàrdBochd/AudioFiles,,,,,,,Yes - Dolina,,Fujifilm CD-R,"Tape 16 Side 1

1. Speech

01.15 - 2% Hallaig - John Macinnes? June 1967 Sop às Gach Sèid

03.54 - 3. Back anno. then bàrdachd - Kenny MacDonald?

06.02 - 4. Ruaraidh MacThòmais ag innse mu dheidhinn caraid dha a chaidh a mharbhadh sa chogadh

10.18 - 5. Bàrdachd - Kenny MacDonald

18.31 - 9. Choisich thu crotach -

19.32 - 10. Is mise a bruideara -

21.22 - 11. Làithean %' òige - Kenny MacDonald

22.06 - 12. An t-Iasgair

The readers were Neil Brownlie% Kenny MacDonald and John MacInnes

23.40 - 13. Gur Muladach A Tha Mi - Lioneil Junior Sec. 1067

26.07 - 14. Ho Ro Na Ribeanan a Thug an Gille Ruadh Dhomh - puirt a beul by Lioneil J.S.

23.40 - 13. Gur muladach tha mi - Lional Senior Choir 1967

26.07 - 14. Ho ro na ribeanan a thug gille ruadh dhomh - puirt a beul by Lionel Senior choir

Tape 16 Side 2

1. A Nìghneag a Ghràidh - John Murdo Morrison

02.40 - 2. Kenny Dan Smith telling a story about Murdo MacLeod who was from Lochs and was involved in an accident at sea - Martin MacDonald announces Òran a' Phort Hardy

07.09 - 3. Òran a' Phort Hardy - Hoddan

09.25 - 4. Story told by James MacKenzie from Urgha

12.00 - 5. 'Nuair Bha Mi Òg - Gilbert MacPhail

13.43 - 6. Piping and then speech

14.17 - 7. Piping - MacKenzie Caledonia not sure if this is the band item 8 is talking about

8. Talking to sounds like Robert Begg from Tiree

19.03 - 9. Edinburgh Police Pipe Band

20.50 - 10. Drummers' Salute",Radio nan Gàidheal ,
Norman MacLeod,,,,Evelyn Campbell; Ruaraidh MacThòmais; Murdo Ferguson; Chrissie MacDonald,c. 1965,51 mins 44 sec,16,,Tape 18 Sides 1-2,CD box 1 / MacLeod 3,Research/DASG/CluasRiClaisneachd/AmBàrdBochd/AudioFiles,,,,,,,Yes - Dolina,,Fujifilm CD-R,"Tape 18 Side 1 

1. Cadal gu Sunndach - Evelyn Campbell

01.47 - 2. Thèid Thu Null Air An Fhaodhail - Evelyn Campbell

03.07 - 3. Calum Sgàire - Evelyn Campbell

06.16 - 4. Derick Thomson talking about Somhairle MacIllEathain's bàrdachd

14.40 - 5. Bha am Bàta Agam Bho Sheòl - male

15.45 - 6. Derick Thomson again on bàrdachd

Tape 18 Side 2

Fraoch is Fearann with Derick Thomson 05.05.65

1. Speech

01.56 - 2. Tìr nam Beann Àrd - Murdo Ferguson - lots of atmos.

3. After song talking about bàrdachd

11.05 - 4. Guma Slàn Do Na Fearaibh Chaidh Thairis an Cuan - Chrissie MacDonald - atmos. on tape

13.13 - 4a. speech + bàrdachd

14.50 - 5. A' Bhirlinn Bharrach - Chrissie MacDonald - doesn't finish song

17.53 - 6. An Cùl Bachallach - Chrissie MacDonald

21.05 - 7. Seòlaidh Mise Null - Chrissie MacDonald

24.40 - 8. Fhir a Dhìreas am Bealach - Chrissie MacDonald

27.16 - 9. A Fhleasgaich Ùr Leanainn Thu - Chrissie MacDonald 0 atmos. throughout",Radio nan Gàidheal ,
Norman MacLeod,,,,,c. 1964,51 mins 26 sec,22,,Tape 19 Side 1 A - 2,CD box 1 / MacLeod 3,Research/DASG/CluasRiClaisneachd/AmBàrdBochd/AudioFiles,,,,,,,Yes - Dolina,,Fujifilm CD-R,"Tape 19 Side 

PSALM SINGING - it doesn't tell who they are but seem to be house recordings

1. 

03.12 - 2. 

06.49 - 3. 

10.12 - 4.

13.34 - 5.

16.07 - 6.

1ATape 19 Side 2 

German and other continental songs sung by two German hikers who visited in July 1964
Very good recordngs - clock going in background

7. Song

02.23 - 8. German folk song

03.56 - 9. Swedish Love Song

05.21 - 10. Swedish Folk Song

07.33 - 11. French Canadian Song

09.21 - 12. Rowing song from Skye

10.45 - 13. Spanish song

12.07 - 14. Spanish Love Song

14.16 - 15. German Dance tune

16.10 - 16. Yugoslavian love song

17.39 - 17. Sounds like old Pretty Peggy O

21.09 - 18. Modern American Folk song - freight train

22.03 - 19. solo female goodnight

22.50 - 20. Cowboy song from East Virginia

25.30 - 21. Ballad from the civil war.

29.32 - 22. ",Radio nan Gàidheal ,
Norman MacLeod,,,,Evelyn Campbell; James Smith; Roddy Ditto; Alasdair Gillies,,30 mins 11 sec,14,Tigh Telum - Mr John Wasp (?); Òran a Mire; Ho ro Leadaidh Bheag (Evelyn Campbell% James Smith); Ho i hogaibh o (Evelyn Campbell% James Smith); Thearlach Og Stiubhart (Evelyn C); Hi ri ri tha e Tighinn (James Smith% Evelyn Campbell); Murdo John (Canadian Barn Dance% Waltz); Srath Bàn (F McNeil ?); He ro Nighean (A Gillies ?); James Poetry Reading,Tape 20 Sides 1-2,CD box 2 / MacLeod 3,Research/DASG/CluasRiClaisneachd/AmBàrdBochd/AudioFiles,,,,,,,Yes - Dolina,,Fujifilm CD-R,"Tape 20 Side 1

1. Speech

00.57 - 2. Cailin Mo Rùin-sa - male one verse - maybe Wasp?

01.50 - 3. Rìbhinn Òg Bheil Cuimhn' Agad?

02.30 - 4. Oidhche Di-Haoine - male

04.40 - 5. Ho Ro Leadaidh Bheag - Evelyn Campbell

06.24 - 6. Song - James Smith 

07.34 - 7. Ho Ri Thogaibh Ò - Evelyn Campbell + group?

09.33 - 8. He I Ro Oro - male

11.57 - 9. Mo Rùn Geal Òg - Evelyn Campbell?

Tape 20 Side 2

1. Ho Hi Ri Ri% Tha e Tighinn - James Smith

01.44 - 2. Song - female% Evelyn Campbell?

04.13 3. Accordion Music - check box - it says Roddy Ditto and then Roddy Ditto and Murdo John
(tune 1- cut off% tune 2 ok% 3rd make your way to Stornoway)

09.06 - 4. Aodann Strath Bhàn - female

11.50 - 5. Ho Ro Nighean - Alasdair Gillies

14.44 - 6. English Poem",Radio nan Gàidheal ,
Norman MacLeod,,,,,,33 mins 48 sec,18,,Tape 21 Sides 1-2,CD box 2 / MacLeod 3,Research/DASG/CluasRiClaisneachd/AmBàrdBochd/AudioFiles,,,,,,,Yes - Dolina,,Fujifilm CD-R,"Tape 21 Side 1

1. Leòdhas Mo Ghràidh

04.18 - 2. Falt Trom% Trom% Dualach 

06.10 - 3. Tha Mi Tinn Is Mi Fo Bhròn

09.25 - 4. Sgithan m'inntinn  - Loch Croistean

13.01 -  5. Taigh na h-ìghneig - taigh aunties dha NM - bha iad math dha

15.33 - 6. Eilean Beag Donn a' Chuain - male - Dollag?

Tape 21 Side 2

1. Gillean Uibhist - male singer - sounds like off-air recording

02.18 - 2. Tha Mise Dol Dhachaigh - male - Donald MacRae?

04.00 - 3. An Tèid Thu Leam a Mhàiri? - male

06.10 - 4. Càit' am bi na Maraichean? - male

07.48 - 5. Hai o Hairum (10s only)

08/00 - 6. Am Bàta Beag - male

09.46 - 7. Song about a coileach -male

10.35 - 8. 10s of song

10.46 - 9. song - female

11.19 - 10. Song - male

13.08 - 11. Guma Slàn don Rìbhinn Òg - male

14.45 - 12. Tha thìde bhith gad shlaodadh - male w/ accompaniment",Radio nan Gàidheal ,
Norman MacLeod,,,,Ruaraidh Timid; ,,1 hr 34 mins 55 sec,12,,Tape 22 Side 1,CD box 2 / MacLeod 3,Research/DASG/CluasRiClaisneachd/AmBàrdBochd/AudioFiles,,,,,,,Yes - Dolina,,Fujifilm CD-R,"Ruaraidh Timid 

00.00 1. Tòrr èigheachd is còmhradh

02.40 2. Woman - Gur Muladach a tha mi...
(feadhainn a'bruidhinn thairis air a' chiad rann.. Cuideigin ag ràdh glè mhath a Mhàiri aig an deireadh)

06.11 - 3. Tòrr èigheachd is còmhradh

07.24 - 4. Nam Bàsaicheadh na Boireannach - male

11.26 - 5. Females - falt trom% trom dualach + chorus

6. Tòrr èigheachd is còmhradh

16.25 7. Woman (siuthad a Mhairi) - Gruagach bhàn a mhìn-fhuilt - good voice - slàn occasional voice on recording

19.45 - 8. Tòrr èigheachd is còmhradh - refer to gu robh boy aig a bhan-righ.. either 1960 (Andrew neo '64 Edward)

26.00 - 9. Alan Nìdidh - òran èibhinn

27.24 - 10. Hòbhan 's na hòbhan ò - girls

30.33 - 11. Tòrr èigheachd is còmhradh

41.15 - 12. Hai Ho Bhalaichibh Am Faca Sibh I Seòladh - males - clip",Radio nan Gàidheal ,
Norman MacLeod,,,,,,""" """,11,,Tape 22 Side 2,CD box 2 / MacLeod 3,Research/DASG/CluasRiClaisneachd/AmBàrdBochd/AudioFiles,,,,,,,Yes - Dolina,,Fujifilm CD-R,"Taigh Sweep

00.00 - 1. Còmhradh Beurla

05.58 - 2% A Fhleasgaich Òg 'n Fhuilt Chraobhaich Chais - male

09.30 - 3. A Fhleasgaich... - male

10.59 - 4. Tormod - bardachd - clipped beg - ag ainmeachadh boireannaich dressed neònach... Air an cuir a ghocaireachd ...dhan tomhais... Oighean bhoideach Dhail-o-dheas... Agus balaich na Dailean... Litir aig an deireadh le dùrachd Peacach Ghabhsann...

16.15 5. Tormod - bardachd - Balaich dail-o-Dheas (mach air a'bhothan) ag ainmeachadh characters... an deidh dhan bhothan dùnadh??

21.20 - 6. clann-nighean - 's ann an ile (isean a' dol) 

22.00 - 7. còmhradh 

22.52 - 8. Male - Mùirneag Leòdhais% Mùirneag Àlainn 

25.12 - 9. Còmhradh

28.40 - 10. Male - mheall thu% mheall thu% mheall thu mi ( stops then carries on ) 

34.10 - 11. male - 's ann feasgar diciadain and other clips ( oh% Mhairi etc) ",Radio nan Gàidheal ,
Norman MacLeod,,,,Mary Boyd; Margaret MacNeill; Joan MacKenzie; Archie MacLean; Murchadh Sir,24 c. 1968?,53 mins 23 sec,10,,Tape 23-24,CD box 2 / MacLeod 3,Research/DASG/CluasRiClaisneachd/AmBàrdBochd/AudioFiles,,,,,,,Yes - Dolina,,Fujifilm CD-R,"Tape 23 Side 1

2. Melodeon - Murchadh Sir - complete - puirt aighearrach

3. Accordion - MJ (lovely) - slow waltz
puirt aighearrachd - tha e tarraing anmoch etc.

Tape 23 Side 2

00.00 - 1. Male - Màiri Bhòidheach - chan eil ann ach rud beag + old man river 
+ male + Ò mar a bha (clip) + male (overmodded -unusable) + clip male (Màiri Bhàn Òg)

Tape 24 Side 1

00.00 - 1. Mary Boyd (deceased) and Margaret Macneill (Miss M MacNeill% 4 Eoligarry written on inside of box% also Inverness on outside alongside names) Jo's mother remembers them both - special needs teachers from Barra. Used to be in Drummond school% Inverness. H e was away and met them. Mgt lives in GW most of the time.

Thig trì nithean gun iarraidh - lovely

03.10 - 2. Mo Dhòmhnallan fhein - loud rattle at end.

05.44 - 3. 'S mòr mo chùram 's mi ga stiùireadh - some rumbles

08.17 - 4.  Mheall Thu% Mheall Thu% Mheall Thu Mi - Archie MacLean...

Tape 24 Side 2

Joan Mackenzie & Archie maclean -13.02.68 (unclear on box) ",Radio nan Gàidheal ,
Norman MacLeod,,,,Angus Lwrie; Aonghas Caimbeul (Am Puilean); Eoghainn MacRath; unidentified other contributors,,1 hr 38 mins 10 sec,5,,Tape 25 Side 1,CD box 2 / MacLeod 3,Research/DASG/CluasRiClaisneachd/AmBàrdBochd/AudioFiles,,,,,,,Yes - Dolina,,Fujifilm CD-R,"00.00 - 1. Male - Eilean Leòdhais Ged 's Fhada Bhuam Thu 

Prògram Nollaig -off air -presenter unknown 

02.34 - 2. Illean Bithibh Sunndach - Nova Scotia?? 
Maciver bros 
Angus Lawrie -trumb ( bits of drop-out ) 
Am Politician -Angus Campbell 
Storaidh a Eilean na Nollaig 
Fidhlear a ceap breatann cuideachd 
Eoghainn Macrath - An tòir na gamhnaichean 
Glasgow Police Pipe band 

3. Tha Mi Fo Chùram An Culthaobh Èieann - clipped beg.

4. Male -thug mi gaol dhan t-seoldair

5. Ceilidh Bliadhn' Uir -off air -reception variable - Lachlan% Seumas among those present
Male choir - Piuthar 'an Bhain
Female - Chuir iad an t-sùil à Pilot
Banais Mòr Chamhsron
Mal Macluskey
Òran Sgitheanach - Coileach Peigi (Màiri)
Teann a-nall
Oran an t-Saighdear
Ged Tha Mi Gun Bhonn Gun Bhotal",Radio nan Gàidheal ,
Norman MacLeod,,,,Alex Maciver; Goose; Big Murdo;,,""" """,5,,Tape 25 Side 2,CD box 2 / MacLeod 3,Research/DASG/CluasRiClaisneachd/AmBàrdBochd/AudioFiles,,,,,,,Yes - Dolina,,Fujifilm CD-R,"Tape 25 Side 2 Details

00.00 - 1. ceòl - Big Murdo and Alex Maciver with Goose (on Box) good quality recordings + nice music
1. puirt 01.58
2. puirt slight wobble @ 3.00 but tape fault
3. waltz - e horo mo nighean donn
4. puirt - mairi's wedding etc (with goose) 02.48 change to waltz

10.25 - 2. Marion - neoin - bit of drop out (second) 'Se mo cheist mo ghille donn - bit of first verse missing
Tè Bharraigh - 's mor mo churam 's mi ga stiuireadh - mistake

13.00 - 3. male - oidhche dhomh 's mi fo ghruaimean

14.25 - 4. ceòl - bucas

5. Còmhradh",Radio nan Gàidheal ,
Norman MacLeod,,,,Ruaraidh MacThòmais; Dòmhnall Eairdsidh Dòmhnallach; Peter Graham; Ceitidh Magaidh,,1 hr 11 mins 12 sec,8,,Tape 26,CD box 2 / MacLeod 3,Research/DASG/CluasRiClaisneachd/AmBàrdBochd/AudioFiles,,,,,,,Yes - Dolina,,Fujifilm CD-R,"Tape 26 Side 1

00.00 - 1. Mo Robairneach Gaolach - female + chorus

03.30 - 2. Derick Thomson - òrain gaoil - bruidhinn air prògram rèidio [includes Iain Ghlinn Cuaich song]

18.30 - 3. Dòmhnall Archie Dòmhnallach - Òr is Airgead - Na Dòmhnallaich.

Tape 26 Side 2

00.00 - 1. Còmhradh

08.55 - 2. KM - An Iolaire - complete - bit hissy 

13.58 - 3. Peter Graham - òran mun deoch% Gillean Ghleanndail

16.43 - 4. Katie Maggie - Fhir a dhireas am bealach (only 1m of song)

17.51 - 5. KM - Cuibhl' an Fhortain - tape stops mid-way through",Radio nan Gàidheal ,
Norman MacLeod,,,,,c. 1965,1 hr 33 mins 47 sec,3,,Tape 27 Side 1,CD box 2 / MacLeod 3,Research/DASG/CluasRiClaisneachd/AmBàrdBochd/AudioFiles,,,,,,,Yes - Dolina,,Fujifilm CD-R,,Radio nan Gàidheal ,
Norman MacLeod,,,,,c. 1965,""" """,2,,Tape 27 Side 2,CD box 2 / MacLeod 3,Research/DASG/CluasRiClaisneachd/AmBàrdBochd/AudioFiles,,,,,,,Yes - Dolina,,Fujifilm CD-R,"17/8 - Fred MacAulay - Deasbud mu Chuimr Dhùn Èideann le Dòmhnall MacThòmais% an t-Urr Uilleam agus Iain MacAonghais

Òr is Airgead? - Derick Thomson

1. Ri Fuam an Taibh
2. Gair nan Tonn Air Cladach Mìn Gheal
3. Ailean Duinn
4. 'S Duilich Leam Do Chùil Chlannaich
5. An Làir Dhonn
6. 'S Beag Mo Shunnd
7% Cudthrom an Èisg
8. Fàgail Ghlaschu

Cèilidh à Uibhist 
1. Mo Rùin-sa Mhaighdeann
2. An Tèid Thu Leam a Mhàiri?
3. Bu Chaomh Leam Bhith Fuireach 'n Uibhist Bheag Lurach
4. Mac[XX] agus MacThòmais  - D%A. MacEachern
5. Fhir a Dhìreas am Bealach 
6. Tiugainn Leam Thar an Aiseig Gu Eilean nam Buadh
7. Balaich an Iasgaich
8. Ceud Fàilt' ir Gach Gleann 
9. Ma[XX].",Radio nan Gàidheal ,
Norman MacLeod,,,,,,1 hr 7 mins 54 sec,16,,Tape 28,CD box 2 / MacLeod 3,Research/DASG/CluasRiClaisneachd/AmBàrdBochd/AudioFiles,,,,,,,Yes - Dolina,,Fujifilm CD-R,"Tape 28 Side 1 Details

00.00 1. choir
Catherine Joan MacLeod - as Joseph was a-walking
Mary Macritchie - Be Happy
Danny - Wee Willie Winkie
Joanna Macleod (le Murchadh Iain Dhunnchaidh) - Baa Baa Black Sheep
Christine Cambell - Twinkle Twinkle Little Star
Anna MacLeod - Hobhan 's na Hobhan O
Marion Macritchie - The First Noel
Playlet - Beurla (mu chat)
Kenny John MacKenzie (le Cox) - direach ainm
Murdo Angus Murray (le Doh) - dec'd
Ailean Johnstone (Stornoway)
Calum Iain le Bimbo - bidh Bimbo a' dèanamh brògan - Humpty% Dumpty

Iain Gunn (leis a' chioparach) direach ainm
Roddy (le Ruaraidh Ilea)
Calum Morrison (le Aonghas Bàn) - Humpty Dumpty
Angus Macritchie Cross Skigersta Rd - dìreach ainm dec'd
Christine Maclean le Calum a' Bhodaich - Humpty% Dumpty
Jimmy Powell (le Powell) direach ainm
Calum (le Murchadh Gormail) - foighneachd cheistean dha 
Anne Macdonald (le Seonaidh Shiurra) Hobhan 's na Hobhan Hò
Alasdair Macritchie (bruidhinn ris beagan)
Mary Morrison (le Murchadh?) - Hobhan 's na Hobhan O
Mary Ann Macleod - à Suainebost - Baa% baa% black sheep

11.40 Hòbhan 's na hòbhan ò - choir - nice

12.39 Joan Morrison (le Aonghas Bàn) - gur tu mo chruinneag bhoidheach (slàn)
Aonghas Alasdair le Bidean Sheumais - Make Your Way to Stornoway dec'd
Joan le Calum - Far am Bi Mi Fhìn
Iain Gordon (le Dollag Skiugs) - Do You Need A Cabin Boy (slàn)
Anne Catherine Campbell le Tormod Dho'll Duibh - Latha Dhomh 's Mi Buain a' Choirce

Murdo Macleod le bidean (Oban)
Alasdair Macritchie (le ceogaidh)
May Macritchie (le Murchadh Saidh) - My Bonnie Lies Over the Ocean (slàn)
Norma Gillies - Dèan Cadal Sìos
Christina Norma MacDonald - The First Noel
Margaret MacKenzie (leis a' mha'sgoile) - An tèid thu leam a Mhàiri - stops

Norman MacLeod - gaireachdainn - aon ainm ris fhèin - hòbhan 's na hòbhan hò.

Isabel Maciver - aig an taigh sholuis - le Calum Maciver - As Joseph was a-walking
Catrion' ishbel - le Dolly a' Ghùidsear - Cha  b' ann ri gual DCI
Christina Morrison le Jellico - duet - verse
Marion MacDonald
Playlet - Beurla (good few minutes of this)
Tha Sgiathan na h-Oidhche - Murdo Ferguson
? - An Tèid Thu Leam a Mhàiri (beginning missed)


Tape 28 Side 2 Details

00.00 1. Child - Nasgan agus beannag is buarach - Am Breve poetry (not too clear)
poss school recording?

Following poss recorded aig Bliadhn' Ur:

(balaich Dhail sgrìobht' air a' bhucas)
3. male - Tiodhlaiceadh Ailein - òran Niseach - an e a' bho a leag e agus a thug bàs dha - dh'èirich e rithist! little retake (02.27)

06.30 4.male - Fàgail Bharraigh (tape stopped/restarted - wee edit)

10.50 5. male - Airigh Bhaile Chrò - Tormod Ailein a' seinn

12.35 6. male - JD agus Dallas - ok - rinn Dòmhnall MacÌomhair a bh'ann an Àrd a rinn e

15.00 7. 'Se fuachd is gaillionn - fasan/Dallas - dolly Shauthain a bha dha ghabhail Balaich dhail a sgrìobh e do chlann-nighean Dhàil

9. Mary Smith - Mo Nighean Dubh tha Boidheach Dubh - good% beginning missing

10. Mary Smith - 'Se fàth mo mhulad",Radio nan Gàidheal ,
Norman MacLeod,,,,Alasdair Gillies; Mary MacLean; Cailean Caimbeul 's a chòmhlan; Iain Mac 'illeMhìcheil,c. 1969,29 mins 57 sec,1,,Tape 29,CD box 2 / MacLeod 3,Research/DASG/CluasRiClaisneachd/AmBàrdBochd/AudioFiles,,,,,,,Yes - Dolina,,Fujifilm CD-R,"1. Haidh o haidhrum -AG+ audience participation - first of four ceilidhs from Aitreabh ann Gaidheal an Glaschu (14/11/1969)

2. A Pheigi a Ghràidh -AG +appl

3. Introduces Mary Maclean - recently won Bonn Òir - Fhir a Leadain Thlàith

4. Cailean Caimbeul 's a chomhlan

5. Introduces Iain MacilleMhicheil - An Cluinn Thu Mi Mo Nighean Donn

6. IC - other song

7. AG - Far am Bi Mi Fhèin agus puirt eile

8. AG + Mary Maclean - duet -a ghaoil leig dhachaidh gum mhathair mi

9. AG - Chì mi Muile

10. Medley - Eilidh etc",Radio nan Gàidheal ,
Norman MacLeod,,,,Ruaraidh Timid; William Gladstone; Tormod MacLeòid,Dec-61,1 hr 3 mins 19 sec,9,,Tape 30 Side 1,CD box 2 / MacLeod 3,Research/DASG/CluasRiClaisneachd/AmBàrdBochd/AudioFiles,,,,,,,Yes - Dolina,,Fujifilm CD-R,"Presentation for janitor - December 1961

00.00 1. Headmaster (I think) - thanking Mr Smith (Ruaraidh Timid) Janitor was with him as janitor for 15 years - headmaster had also retired
02.03 ...carried out his duties under great difficulty - boiler - called she
03.20 - Gàidhlig - tè a chual' gun robh Ruaraidh T a' retireadh - dùil againn gur e seann daoine a bha a' retireadh.
Someone else paying tribute.
Male - singer - Uilleam a' Ghladstoin 
male speaker - paying tribute to Mr Smith - 24 years as janitor 
Norman MacLeod - polis?? a' bruidhinn.

25.30 2. Sketch ann an Gàidhlig - Tormod fhèin innt'?

30.29 - 3. Piano playing

33.00 4. Ruaraidh e fhèin a' bruidhinn - bruidhinn air bòtanan mòra% sliding nuair a bha reothadh ann - brògan - dà chas dheas - cha robh iad pailt% 's ioma prais cocoa a rinn a' làmh tha seo% bruidhinn air Mackay am maighstir-sgoile a bh' ann nuair a thàinig e (ann air an oidhche)% an uairsin MacKenzie% flood (she- referring to the boiler)% toirt taing dhan staff

46.00 5. fear eile a' bruidhinn
Iain Gordon a' seinn - seinn òran do Ruaraidh + chorus from audience (good)
Tòrr gàireachdainn ann

49.30 - 6. Leanabh a' seinn - Fàilte Dhut 's Deagh Fhàilte Dhut

52.42 7. Uilleam a' Ghladstoin - Bàs a' Chait (good)

55.35 - MJ - melodeon

59.48 9. Uilleam a' Ghladstoin - Thoir Mo Shoraidh Thar an t-Sàile (good) + last chorus leis an fheadhainn a tha staigh
Ends nicely in NM saying 'siud Uilleam a' Ghladstoin a' gabhail an òrain ud'",Radio nan Gàidheal ,
Norman MacLeod,,,,,,1 hr 4 mins 43 sec,8,,Tape 30 Side 2,CD box 2 / MacLeod 3,Research/DASG/CluasRiClaisneachd/AmBàrdBochd/AudioFiles,,,,,,,Yes - Dolina,,Fujifilm CD-R,"00.00 - 1. Psalm singing

06.37 - 2. Speaker introduces Roddy's farewell party

09.35 - 3. Ruairidh fhèin a' seinn

13.56 - 4. school girls% piano% female singing

5.  Sketch eile% fear a' bruidhinn

43.00 - 6. kids and former pupils etc. Speaker asking every group if they love the janitor - remembers when he first came to school

61.00 - 7. ends on Miss Morrison - song Och nan Och Tha Mi Fo Mhulad

8. Tiny clip at the end of a child singing.",Radio nan Gàidheal ,
Norman MacLeod,,,,Bannal; ,,41 mins 19 sec,15,,Tape 31,CD box 2 / MacLeod 3,Research/DASG/CluasRiClaisneachd/AmBàrdBochd/AudioFiles,,,,,,,Yes - Dolina,,Fujifilm CD-R,"Tape 31 Side 1

(tape of songs sent by Barra girls written on piece of paper inside small red case)

00.00 - 1. Piping - off air

01.50 - Hori Horo Mo Nìghneag - female off-air

03.36 3. Bannal - puirt

07.00 4. Bannal - O Thill Thu Chaluim

12.35 5. Bannal 

14.32 6. Bannal - Cha b'aithne dhomh an t-Òran

16.57 7. Bannal - Not quite such good quality

19.29 - 8. Bannal - Cainnt Mo Mhàthar Gàidhlig Bharraigh (tape runs out mid-way)

Tape 31 Side 2

00.00 - 1. Female - Seòlaidh mise null + chorus

03.40 - 2. Female - Mo Robairneach Gaolach 

07.31 - 3. Female + bannal - A Bhean Ud Thall - clear

09.52 - 4. Female + bannal

11.35 - 5. Female - B'e tu fhèin a leadaidh

14.34 - 6. Female - not so good% rumble

18.27 - 7. Female - Fàgail Bharraigh",Radio nan Gàidheal ,
Norman MacLeod,,,,,,12 mins 45 sec,1,,Fionnlagh Maciomhair Cairisiadair,CD box 2 / MacLeod 3,Research/DASG/CluasRiClaisneachd/AmBàrdBochd/AudioFiles,,,,,,,Yes - Dolina,,Fujifilm CD-R,,Radio nan Gàidheal ,
Norman MacLeod,,,,,,54 mins 49 sec,13,,Neamhnaidean Niseach 1 1-13,CD box 2 / MacLeod 3,Research/DASG/CluasRiClaisneachd/AmBàrdBochd/AudioFiles,,,,,,,Yes - Dolina,,Fujifilm CD-R,,Radio nan Gàidheal ,
Norman MacLeod,,,,,,1 hr 3 mins 21 sec,17,,Neamhnaidean Niseach 2 1-17,CD box 2 / MacLeod 3,Research/DASG/CluasRiClaisneachd/AmBàrdBochd/AudioFiles,,,,,,,Yes - Dolina,,Fujifilm CD-R,,Radio nan Gàidheal ,
Norman MacLeod,,,,,,58 mins 40 sec,20,,Visitors 1-20,CD box 2 / MacLeod 3,Research/DASG/CluasRiClaisneachd/AmBàrdBochd/AudioFiles,,,,,,,Yes - Dolina,,Fujifilm CD-R,,Radio nan Gàidheal ,
Norman MacLeod,,,,,01.01.2008,59 min 11 sec,1,,Pentacost Sunday Acts 27,CD box 2 / MacLeod 3,Research/DASG/CluasRiClaisneachd/AmBàrdBochd/AudioFiles,,,,,,,Yes - Dolina,,Fujifilm CD-R,,Radio nan Gàidheal ,
Norman MacLeod,,,,,,58 mins 12 sec,2,,Dìleab a' Bhàird Bhochd Progs 1+2,CD box 2 / MacLeod 3,Research/DASG/CluasRiClaisneachd/AmBàrdBochd/AudioFiles,,,,,,,Yes - Dolina,,Fujifilm CD-R,Progs 1+2 Nisich,Radio nan Gàidheal ,
Norman MacLeod,,,,,,56 mins 46 sec,2,,Dìleab a' Bhàird Bhochd Progs 3+4,CD box 2 / MacLeod 3,Research/DASG/CluasRiClaisneachd/AmBàrdBochd/AudioFiles,,,,,,,Yes - Dolina,,Fujifilm CD-R,3 Srainnsearan // 4 Uig,Radio nan Gàidheal ,
Norman MacLeod,,,,,,29 mins 19 sec,1,,Dìleab a' Bhàird Bhochd 5 Barraigh,CD box 2 / MacLeod 3,Research/DASG/CluasRiClaisneachd/AmBàrdBochd/AudioFiles,,,,,,,Yes - Dolina,,Fujifilm CD-R,,Radio nan Gàidheal ,
Norman MacLeod,,,,,,58 mins 45 sec,2,,Dìleab a' Bhàird Bhochd 6+7 A' Sgoil,CD box 2 / MacLeod 3,Research/DASG/CluasRiClaisneachd/AmBàrdBochd/AudioFiles,,,,,,,Yes - Dolina,,Fujifilm CD-R,,Radio nan Gàidheal ,
